Complexity,Loss,Equation
1,1.0275246620833847,"0.2282596623170487"
3,0.0,"x1 * x4"
